year,metric,value,unit,statement
2017,cash_conversion_cycle,53.1,days,kpi
2018,cash_conversion_cycle,53.8,days,kpi
2019,cash_conversion_cycle,52.5,days,kpi
2020,cash_conversion_cycle,49.6,days,kpi
2021,cash_conversion_cycle,50.3,days,kpi
2022,cash_conversion_cycle,42.5,days,kpi
2023,cash_conversion_cycle,43.5,days,kpi
2024,cash_conversion_cycle,46.2,days,kpi
2025,cash_conversion_cycle,46.6,days,kpi
2017,current_ratio,1.27,ratio,ratio
2018,current_ratio,1.26,ratio,ratio
2019,current_ratio,1.36,ratio,ratio
2020,current_ratio,1.59,ratio,ratio
2021,current_ratio,1.33,ratio,ratio
2022,current_ratio,1.26,ratio,ratio
2023,current_ratio,1.4,ratio,ratio
2024,current_ratio,1.38,ratio,ratio
2025,current_ratio,1.3,ratio,ratio
2017,debt_to_equity,2.01,ratio,ratio
2018,debt_to_equity,1.97,ratio,ratio
2019,debt_to_equity,1.29,ratio,ratio
2020,debt_to_equity,0.75,ratio,ratio
2021,debt_to_equity,1.31,ratio,ratio
2022,debt_to_equity,1.24,ratio,ratio
2023,debt_to_equity,0.79,ratio,ratio
2024,debt_to_equity,0.66,ratio,ratio
2025,debt_to_equity,0.93,ratio,ratio
2017,epr,,EUR_000,kpi
2018,epr,,EUR_000,kpi
2019,epr,,EUR_000,kpi
2020,epr,,EUR_000,kpi
2021,epr,,EUR_000,kpi
2022,epr,,EUR_000,kpi
2023,epr,,EUR_000,kpi
2024,epr,,EUR_000,kpi
2025,epr,,EUR_000,kpi
2017,equity,100800.0,EUR_000,balance_sheet
2018,equity,112100.0,EUR_000,balance_sheet
2019,equity,130800.00000000001,EUR_000,balance_sheet
2020,equity,148500.0,EUR_000,balance_sheet
2021,equity,167700.0,EUR_000,balance_sheet
2022,equity,202700.0,EUR_000,balance_sheet
2023,equity,232100.0,EUR_000,balance_sheet
2024,equity,242700.0,EUR_000,balance_sheet
2025,equity,228900.0,EUR_000,balance_sheet
2017,financing_cash_flow,34200.0,EUR_000,cash_flow
2018,financing_cash_flow,17700.0,EUR_000,cash_flow
2019,financing_cash_flow,-52600.0,EUR_000,cash_flow
2020,financing_cash_flow,-64000.0,EUR_000,cash_flow
2021,financing_cash_flow,99900.0,EUR_000,cash_flow
2022,financing_cash_flow,30100.0,EUR_000,cash_flow
2023,financing_cash_flow,-26700.0,EUR_000,cash_flow
2024,financing_cash_flow,-25000.0,EUR_000,cash_flow
2025,financing_cash_flow,-23100.0,EUR_000,cash_flow
2017,fte,237.0,count,kpi
2018,fte,274.0,count,kpi
2019,fte,295.0,count,kpi
2020,fte,291.0,count,kpi
2021,fte,307.0,count,kpi
2022,fte,306.0,count,kpi
2023,fte,342.0,count,kpi
2024,fte,371.0,count,kpi
2025,fte,388.0,count,kpi
2017,gross_operating_income,43000.0,EUR_000,pnl
2018,gross_operating_income,80600.0,EUR_000,pnl
2019,gross_operating_income,81300.0,EUR_000,pnl
2020,gross_operating_income,75800.0,EUR_000,pnl
2021,gross_operating_income,65700.0,EUR_000,pnl
2022,gross_operating_income,99100.0,EUR_000,pnl
2023,gross_operating_income,177700.0,EUR_000,pnl
2024,gross_operating_income,130300.00000000001,EUR_000,pnl
2025,gross_operating_income,128500.0,EUR_000,pnl
2017,investing_cash_flow,-5900.0,EUR_000,cash_flow
2018,investing_cash_flow,-4400.0,EUR_000,cash_flow
2019,investing_cash_flow,-1700.0,EUR_000,cash_flow
2020,investing_cash_flow,-1700.0,EUR_000,cash_flow
2021,investing_cash_flow,600.0,EUR_000,cash_flow
2022,investing_cash_flow,-3300.0,EUR_000,cash_flow
2023,investing_cash_flow,-3600.0,EUR_000,cash_flow
2024,investing_cash_flow,-2200.0,EUR_000,cash_flow
2025,investing_cash_flow,300.0,EUR_000,cash_flow
2017,net_result,14000.0,EUR_000,pnl
2018,net_result,15000.0,EUR_000,pnl
2019,net_result,23200.0,EUR_000,pnl
2020,net_result,31900.0,EUR_000,pnl
2021,net_result,22600.0,EUR_000,pnl
2022,net_result,33400.0,EUR_000,pnl
2023,net_result,71500.0,EUR_000,pnl
2024,net_result,36400.0,EUR_000,pnl
2025,net_result,20800.0,EUR_000,pnl
2017,net_working_capital,76900.0,EUR_000,balance_sheet
2018,net_working_capital,92100.0,EUR_000,balance_sheet
2019,net_working_capital,113300.0,EUR_000,balance_sheet
2020,net_working_capital,127900.0,EUR_000,balance_sheet
2021,net_working_capital,137000.0,EUR_000,balance_sheet
2022,net_working_capital,166900.0,EUR_000,balance_sheet
2023,net_working_capital,200500.0,EUR_000,balance_sheet
2024,net_working_capital,208800.0,EUR_000,balance_sheet
2025,net_working_capital,212700.0,EUR_000,balance_sheet
2017,operating_cash_flow,-21100.0,EUR_000,cash_flow
2018,operating_cash_flow,-18400.0,EUR_000,cash_flow
2019,operating_cash_flow,49200.0,EUR_000,cash_flow
2020,operating_cash_flow,66500.0,EUR_000,cash_flow
2021,operating_cash_flow,-90400.0,EUR_000,cash_flow
2022,operating_cash_flow,-27100.0,EUR_000,cash_flow
2023,operating_cash_flow,93500.0,EUR_000,cash_flow
2024,operating_cash_flow,69300.0,EUR_000,cash_flow
2025,operating_cash_flow,-16500.0,EUR_000,cash_flow
2017,operational_expenses,37100.0,EUR_000,pnl
2018,operational_expenses,48500.0,EUR_000,pnl
2019,operational_expenses,48200.0,EUR_000,pnl
2020,operational_expenses,34600.0,EUR_000,pnl
2021,operational_expenses,34400.0,EUR_000,pnl
2022,operational_expenses,44000.0,EUR_000,pnl
2023,operational_expenses,60700.0,EUR_000,pnl
2024,operational_expenses,62100.0,EUR_000,pnl
2025,operational_expenses,67500.0,EUR_000,pnl
2017,sales,1766700.0,EUR_000,pnl
2018,sales,1909600.0,EUR_000,pnl
2019,sales,2029300.0,EUR_000,pnl
2020,sales,1909800.0,EUR_000,pnl
2021,sales,2253400.0,EUR_000,pnl
2022,sales,3610200.0,EUR_000,pnl
2023,sales,3004800.0,EUR_000,pnl
2024,sales,3086500.0,EUR_000,pnl
2025,sales,3479900.0,EUR_000,pnl
2017,solvency_pct,22.0,pct,ratio
2018,solvency_pct,21.9,pct,ratio
2019,solvency_pct,28.0,pct,ratio
2020,solvency_pct,38.7,pct,ratio
2021,solvency_pct,26.8,pct,ratio
2022,solvency_pct,23.6,pct,ratio
2023,solvency_pct,31.3,pct,ratio
2024,solvency_pct,30.5,pct,ratio
2025,solvency_pct,24.5,pct,ratio
2017,total_assets,458800.0,EUR_000,balance_sheet
2018,total_assets,510600.0,EUR_000,balance_sheet
2019,total_assets,466900.0,EUR_000,balance_sheet
2020,total_assets,384000.0,EUR_000,balance_sheet
2021,total_assets,625300.0,EUR_000,balance_sheet
2022,total_assets,857700.0,EUR_000,balance_sheet
2023,total_assets,741800.0,EUR_000,balance_sheet
2024,total_assets,796200.0,EUR_000,balance_sheet
2025,total_assets,935500.0,EUR_000,balance_sheet
2017,volume_mt,913.0,MT,kpi
2018,volume_mt,1049.0,MT,kpi
2019,volume_mt,1012.0,MT,kpi
2020,volume_mt,939.0,MT,kpi
2021,volume_mt,1008.0,MT,kpi
2022,volume_mt,1172.0,MT,kpi
2023,volume_mt,1156.0,MT,kpi
2024,volume_mt,1111.0,MT,kpi
2025,volume_mt,1181.0,MT,kpi
